ID|First Name|Last Name|Email
1|Bakbergen|Atymtay|atymtaevbak@bk.ru
2|Azamat|Umbetov|umbetov@bk.ru
3|Akzhol|Ermakhanbet|akzholov@bk.ru
5|3|Daurkbek|Sakhtarov|daurbek@bk.ru
|Adyl|Knyzbay|knyz@bk.ru
7|5|Dias|Kamalov|kamalov@bk.ru
8|Bekzat|Musabekov|beka@bk.ru
9|Didar|Orynbasar|orynbassar@bk.ru
10|Abylay|Sagymayev|abylay@bk.ru
